,case:concept:name,General activity,Specific activity,Time,Question,Year
0,A1 P2 BPI 2020,Calculate cycle time,Calculate cycle time of the whole process for all traces,2021-07-07 17:27:36.471056,P2,2020
1,A1 P2 BPI 2020,Compare cycle time, ,2021-07-07 17:27:36.485076,P2,2020
2,A2 P2 BPI 2020,Calculate cycle time,Get cycle time from the previous question,2021-07-07 17:27:36.494828,P2,2020
3,A2 P2 BPI 2020,Compare cycle time, ,2021-07-07 17:27:36.506689,P2,2020
4,A7 P2 BPI 2020,Calculate throughput, ,2021-07-07 17:27:36.517632,P2,2020
5,A7 P2 BPI 2020,Comparative of throughput, ,2021-07-07 17:27:36.529239,P2,2020
6,A7 P2 BPI 2020,Comparative of throughput, ,2021-07-07 17:27:36.539028,P2,2020
7,A7 P2 BPI 2020,Represent scatterplot, ,2021-07-07 17:27:36.552364,P2,2020
8,A10 P2 BPI 2020,Represent boxplots of cycle time, ,2021-07-07 17:27:36.563496,P2,2020
9,A10 P2 BPI 2020,Compare cycle time, ,2021-07-07 17:27:36.570301,P2,2020
10,A12 P2 BPI 2020,Calculate throughput, ,2021-07-07 17:27:36.580648,P2,2020
11,A12 P2 BPI 2020,Preprocess the traces of the logs, ,2021-07-07 17:27:36.594027,P2,2020
12,A12 P2 BPI 2020,Calculate throughput, ,2021-07-07 17:27:36.600780,P2,2020
13,A13 P2 BPI 2020,Calculate cycle time,Calculate cycle time of only a subset of pairs of events for all traces,2021-07-07 17:27:36.609869,P2,2020
14,A13 P2 BPI 2020,Compare cycle time, ,2021-07-07 17:27:36.621258,P2,2020
15,A13 P2 BPI 2020,Identify specific subprocesses, ,2021-07-07 17:27:36.633757,P2,2020
16,A18 P2 BPI 2020,Calculate statistics,Calculate Statistics of cycle time,2021-07-07 17:27:36.640266,P2,2020
17,A25 P2 BPI 2020,Calculate cycle time,Get cycle time from the previous question,2021-07-07 17:27:36.649820,P2,2020
18,A25 P2 BPI 2020,Compare cycle time, ,2021-07-07 17:27:36.662704,P2,2020
19,A25 P2 BPI 2020,Calculate cycle time,Calculate cycle time of the whole process for all traces,2021-07-07 17:27:36.670525,P2,2020
20,A26 P2 BPI 2020,Calculate cycle time,Get cycle time from the previous question,2021-07-07 17:27:36.681528,P2,2020
21,A26 P2 BPI 2020,Compare cycle time, ,2021-07-07 17:27:36.694673,P2,2020
22,A28 P2 BPI 2020,Calculate cycle time,Get cycle time from the previous question,2021-07-07 17:27:36.704948,P2,2020
23,A28 P2 BPI 2020,Represent histograms,Represent histograms of cycle time,2021-07-07 17:27:36.722638,P2,2020
24,A28 P2 BPI 2020,Compare cycle time, ,2021-07-07 17:27:36.730485,P2,2020
25,A35 P2 BPI 2020,Calculate cycle time,Calculate cycle time of a fragment of the process for all traces,2021-07-07 17:27:36.741389,P2,2020
26,A35 P2 BPI 2020,Calculate number of elements,Calculate number of traces,2021-07-07 17:27:36.753884,P2,2020
27,A35 P2 BPI 2020,Calculate number of elements,Calculate number of activities,2021-07-07 17:27:36.765734,P2,2020
28,A35 P2 BPI 2020,Calculate average of activities per trace, ,2021-07-07 17:27:36.777166,P2,2020
29,A35 P2 BPI 2020,Calculate percentages,Calculate percentage of traces,2021-07-07 17:27:36.788582,P2,2020
30,A35 P2 BPI 2020,Calculate statistics,Calculate Statistics of attributes,2021-07-07 17:27:36.797885,P2,2020
31,A35 P2 BPI 2020,Group traces,Group traces depending on attributes,2021-07-07 17:27:36.806801,P2,2020
32,A35 P2 BPI 2020,Represent histograms,Represent histograms of attributes,2021-07-07 17:27:36.824182,P2,2020
33,A35 P2 BPI 2020,Represent bar charts,Represent bar charts of traces,2021-07-07 17:27:36.834704,P2,2020
34,A35 P2 BPI 2020,Represent histograms,Represent histograms of cycle time,2021-07-07 17:27:36.846843,P2,2020
35,A35 P2 BPI 2020,Filter traces,Filter traces by activities,2021-07-07 17:27:36.855106,P2,2020
36,A35 P2 BPI 2020,Compare cycle time, ,2021-07-07 17:27:36.865761,P2,2020
37,A37 P2 BPI 2020,Calculate cycle time,Get cycle time from the previous question,2021-07-07 17:27:36.875850,P2,2020
38,A37 P2 BPI 2020,Compare cycle time, ,2021-07-07 17:27:36.887204,P2,2020
39,A2 P4 BPI 2020,Filter activities,Filter activities by sub-processes,2021-07-07 17:27:36.899339,P4,2020
40,A2 P4 BPI 2020,Group activities,Group activities by sub-processes,2021-07-07 17:27:36.906160,P4,2020
41,A2 P4 BPI 2020,Calculate cycle time,Calculate cycle time for all pairs of events for each subset of traces,2021-07-07 17:27:36.918107,P4,2020
42,A7 P4 BPI 2020,Group activities,Group activities by rol,2021-07-07 17:27:36.928255,P4,2020
43,A7 P4 BPI 2020,Calculate throughput, ,2021-07-07 17:27:36.941811,P4,2020
44,A7 P4 BPI 2020,Group activities,Group activities by time,2021-07-07 17:27:36.950781,P4,2020
45,A7 P4 BPI 2020,Calculate number of elements,Calculate number of activities,2021-07-07 17:27:36.963716,P4,2020
46,A7 P4 BPI 2020,Represent scatterplot, ,2021-07-07 17:27:36.978660,P4,2020
47,A10 P4 BPI 2020,Represent process map,Represent process map with cycle time,2021-07-07 17:27:36.990409,P4,2020
48,A10 P4 BPI 2020,Calculate cycle time,Calculate cycle time for all pairs of events for all traces,2021-07-07 17:27:36.995267,P4,2020
49,A12 P4 BPI 2020,Calculate cycle time,Calculate cycle time for all pairs of events for all traces,2021-07-07 17:27:37.007064,P4,2020
50,A13 P4 BPI 2020,Represent process map,Represent process map with cycle time,2021-07-07 17:27:37.024833,P4,2020
51,A13 P4 BPI 2020,Calculate cycle time,Calculate cycle time for all pairs of events for all traces,2021-07-07 17:27:37.030281,P4,2020
52,A13 P4 BPI 2020,Group activities,Group activities by sub-processes,2021-07-07 17:27:37.039367,P4,2020
53,A13 P4 BPI 2020,Calculate cycle time,Calculate cycle time of a fragment of the process for each subset of traces,2021-07-07 17:27:37.051765,P4,2020
54,A18 P4 BPI 2020,Represent process map,Represent process map with frequency,2021-07-07 17:27:37.072469,P4,2020
55,A18 P4 BPI 2020,Calculate cycle time,Calculate cycle time of only a subset of pairs of events for a subset of traces,2021-07-07 17:27:37.077580,P4,2020
56,A25 P4 BPI 2020,Calculate cycle time,Calculate cycle time for all pairs of events for all traces,2021-07-07 17:27:37.097903,P4,2020
57,A25 P4 BPI 2020,Represent bar charts,Represent bar charts of cycle time,2021-07-07 17:27:37.123696,P4,2020
58,A25 P4 BPI 2020,Identify bottlenecks,Identify activities as bottlenecks applying temporal performance criteria,2021-07-07 17:27:37.138092,P4,2020
59,A26 P4 BPI 2020,Filter variants depending on frequency, ,2021-07-07 17:27:37.159733,P4,2020
60,A26 P4 BPI 2020,Represent histograms,Represent histograms of cycle time,2021-07-07 17:27:37.180120,P4,2020
61,A28 P4 BPI 2020,Preprocess the traces of the logs, ,2021-07-07 17:27:37.198649,P4,2020
62,A28 P4 BPI 2020,Calculate cycle time,Calculate cycle time of the whole process for a subset of traces,2021-07-07 17:27:37.209709,P4,2020
63,A28 P4 BPI 2020,Represent heatmaps, ,2021-07-07 17:27:37.240793,P4,2020
64,A28 P4 BPI 2020,Identify bottlenecks,Identify activities as bottlenecks applying temporal performance criteria,2021-07-07 17:27:37.254905,P4,2020
65,A28 P4 BPI 2020,Preprocess the traces of the logs, ,2021-07-07 17:27:37.274802,P4,2020
66,A28 P4 BPI 2020,Represent heatmaps, ,2021-07-07 17:27:37.293909,P4,2020
67,A28 P4 BPI 2020,Calculate cycle time,Calculate cycle time of the whole process for a subset of traces,2021-07-07 17:27:37.304067,P4,2020
68,A28 P4 BPI 2020,Represent heatmaps, ,2021-07-07 17:27:37.335892,P4,2020
69,A28 P4 BPI 2020,Preprocess the traces of the logs, ,2021-07-07 17:27:37.362116,P4,2020
70,A28 P4 BPI 2020,Represent heatmaps, ,2021-07-07 17:27:37.385813,P4,2020
71,A35 P4 BPI 2020,Filter traces,Filter traces by activities,2021-07-07 17:27:37.405160,P4,2020
72,A35 P4 BPI 2020,Calculate cycle time,Calculate cycle time of the whole process for a subset of traces,2021-07-07 17:27:37.424414,P4,2020
73,A35 P4 BPI 2020,Calculate cycle time,Calculate cycle time of a fragment of the process for a subset of traces,2021-07-07 17:27:37.452461,P4,2020
74,A35 P4 BPI 2020,Calculate number of elements,Calculate number of traces,2021-07-07 17:27:37.478912,P4,2020
75,A35 P4 BPI 2020,Calculate number of elements,Calculate number of activities,2021-07-07 17:27:37.494863,P4,2020
76,A35 P4 BPI 2020,Calculate average of activities per trace, ,2021-07-07 17:27:37.523838,P4,2020
77,A35 P4 BPI 2020,Group traces,Group traces by roles,2021-07-07 17:27:37.535919,P4,2020
78,A35 P4 BPI 2020,Represent histograms,Represent histograms of cycle time,2021-07-07 17:27:37.563726,P4,2020
79,A37 P4 BPI 2020,Calculate cycle time,Calculate cycle time for all pairs of events for all traces,2021-07-07 17:27:37.580910,P4,2020
80,A1 P5 BPI 2020,Calculate cycle time,Get cycle time from the previous question,2021-07-07 17:27:37.604877,P5,2020
81,A1 P5 BPI 2020,Identify bottlenecks,Identify activities as bottlenecks applying temporal performance criteria,2021-07-07 17:27:37.630695,P5,2020
82,A2 P5 BPI 2020,Calculate cycle time,Calculate cycle time for all pairs of events for all traces,2021-07-07 17:27:37.639010,P5,2020
83,A2 P5 BPI 2020,Identify bottlenecks,Identify activities as bottlenecks applying temporal performance criteria,2021-07-07 17:27:37.654082,P5,2020
84,A2 P5 BPI 2020,Represent process map,Represent process map with cycle time,2021-07-07 17:27:37.670712,P5,2020
85,A7 P5 BPI 2020,Calculate cycle time,Calculate cycle time for all pairs of events for all traces,2021-07-07 17:27:37.677327,P5,2020
86,A7 P5 BPI 2020,Filter activities,Filter activities by cycle time,2021-07-07 17:27:37.691794,P5,2020
87,A7 P5 BPI 2020,Identify bottlenecks,Identify activities as bottlenecks applying temporal performance criteria,2021-07-07 17:27:37.704607,P5,2020
88,A10 P5 BPI 2020,Calculate cycle time,Get cycle time from the previous question,2021-07-07 17:27:37.713635,P5,2020
89,A10 P5 BPI 2020,Identify bottlenecks,Identify activities as bottlenecks applying temporal performance criteria,2021-07-07 17:27:37.727650,P5,2020
90,A10 P5 BPI 2020,Calculate number of elements,Calculate number of activities,2021-07-07 17:27:37.739634,P5,2020
91,A12 P5 BPI 2020,Calculate cycle time,Get cycle time from the previous question,2021-07-07 17:27:37.750889,P5,2020
92,A12 P5 BPI 2020,Represent bar charts,Represent bar charts of cycle time,2021-07-07 17:27:37.768598,P5,2020
93,A12 P5 BPI 2020,Identify bottlenecks,Identify activities as bottlenecks applying temporal performance criteria,2021-07-07 17:27:37.780690,P5,2020
94,A13 P5 BPI 2020,Represent process map,Represent process map with cycle time,2021-07-07 17:27:37.796806,P5,2020
95,A13 P5 BPI 2020,Calculate cycle time,Calculate cycle time for all pairs of events for all traces,2021-07-07 17:27:37.802678,P5,2020
96,A13 P5 BPI 2020,Identify bottlenecks,Identify activities as bottlenecks applying temporal performance criteria,2021-07-07 17:27:37.819953,P5,2020
97,A18 P5 BPI 2020,Calculate cycle time,Get cycle time from the previous question,2021-07-07 17:27:37.831702,P5,2020
98,A18 P5 BPI 2020,Identify bottlenecks,Identify sub-processes as bottlenecks applying temporal performance criteria,2021-07-07 17:27:37.848750,P5,2020
99,A25 P5 BPI 2020,Calculate cycle time,Calculate cycle time for all pairs of events for all traces,2021-07-07 17:27:37.857652,P5,2020
100,A25 P5 BPI 2020,Represent bar charts,Represent bar charts of cycle time,2021-07-07 17:27:37.879781,P5,2020
101,A25 P5 BPI 2020,Identify bottlenecks,Identify activities as bottlenecks applying temporal performance criteria,2021-07-07 17:27:37.897853,P5,2020
102,A26 P5 BPI 2020,Represent process map,Represent process map with cycle time,2021-07-07 17:27:37.923991,P5,2020
103,A26 P5 BPI 2020,Identify bottlenecks,Identify activities as bottlenecks applying temporal performance criteria,2021-07-07 17:27:37.935958,P5,2020
104,A28 P5 BPI 2020,Identify bottlenecks,Identify sub-processes with incorrect orders with respect to the happy path as bottlenecks,2021-07-07 17:27:37.954712,P5,2020
105,A28 P5 BPI 2020,Calculate number of elements,Calculate number of activities,2021-07-07 17:27:37.974948,P5,2020
106,A28 P5 BPI 2020,Calculate cycle time,Calculate cycle time of the whole process for a subset of traces,2021-07-07 17:27:37.985148,P5,2020
107,A35 P5 BPI 2020,Calculate cycle time,Get cycle time from the previous question,2021-07-07 17:27:38.010178,P5,2020
108,A35 P5 BPI 2020,Identify bottlenecks,Identify activities as bottlenecks applying temporal performance criteria,2021-07-07 17:27:38.033805,P5,2020
109,A37 P5 BPI 2020,Calculate cycle time,Get cycle time from the previous question,2021-07-07 17:27:38.043886,P5,2020
110,A37 P5 BPI 2020,Compare cycle time, ,2021-07-07 17:27:38.065964,P5,2020
111,A37 P5 BPI 2020,Identify bottlenecks,Identify sub-processes with incorrect orders with respect to the happy path as bottlenecks,2021-07-07 17:27:38.086025,P5,2020
112,A37 P5 BPI 2020,Calculate frequency,Calculate frequency of attributes,2021-07-07 17:27:38.105983,P5,2020
113,A37 P5 BPI 2020,Calculate percentages,Calculate percentage of traces,2021-07-07 17:27:38.126035,P5,2020
114,A37 P5 BPI 2020,Calculate number of elements,Calculate number of activities,2021-07-07 17:27:38.145017,P5,2020
115,A1 P6 BPI 2020,Filter traces,Filter traces depending on the order of activities,2021-07-07 17:27:38.171346,P6,2020
116,A1 P6 BPI 2020,Calculate cycle time,Calculate cycle time of a fragment of the process for a subset of traces,2021-07-07 17:27:38.187819,P6,2020
117,A2 P6 BPI 2020,Calculate cycle time,Calculate cycle time for all pairs of events for all traces,2021-07-07 17:27:38.208885,P6,2020
118,A2 P6 BPI 2020,Identify bottlenecks,Identify activities as bottlenecks applying temporal performance criteria,2021-07-07 17:27:38.224644,P6,2020
119,A2 P6 BPI 2020,Represent process map,Represent process map with cycle time,2021-07-07 17:27:38.238885,P6,2020
120,A7 P6 BPI 2020,Calculate cycle time,Calculate cycle time for all pairs of events for all traces,2021-07-07 17:27:38.245720,P6,2020
121,A7 P6 BPI 2020,Filter activities,Filter activities by cycle time,2021-07-07 17:27:38.261200,P6,2020
122,A7 P6 BPI 2020,Identify bottlenecks,Identify activities as bottlenecks applying temporal performance criteria,2021-07-07 17:27:38.274860,P6,2020
123,A10 P6 BPI 2020,Filter traces,Filter traces by activities,2021-07-07 17:27:38.294773,P6,2020
124,A10 P6 BPI 2020,Calculate number of elements,Calculate number of activities,2021-07-07 17:27:38.311652,P6,2020
125,A10 P6 BPI 2020,Calculate cycle time,Calculate cycle time for all pairs of events for each subset of traces,2021-07-07 17:27:38.324028,P6,2020
126,A10 P6 BPI 2020,Filter traces,Filter traces by activities,2021-07-07 17:27:38.359637,P6,2020
127,A10 P6 BPI 2020,Calculate number of elements,Calculate number of activities,2021-07-07 17:27:38.376602,P6,2020
128,A10 P6 BPI 2020,Calculate cycle time,Calculate cycle time for all pairs of events for each subset of traces,2021-07-07 17:27:38.395849,P6,2020
129,A12 P6 BPI 2020,Calculate cycle time,Calculate cycle time for all pairs of events for all traces,2021-07-07 17:27:38.413181,P6,2020
130,A12 P6 BPI 2020,Identify bottlenecks,Identify activities as bottlenecks applying temporal performance criteria,2021-07-07 17:27:38.442184,P6,2020
131,A13 P6 BPI 2020,Preprocess the traces of the logs, ,2021-07-07 17:27:38.463679,P6,2020
132,A13 P6 BPI 2020,Represent process map,Represent process map with cycle time,2021-07-07 17:27:38.484959,P6,2020
133,A13 P6 BPI 2020,Calculate cycle time,Calculate cycle time of a fragment of the process for each subset of traces,2021-07-07 17:27:38.494114,P6,2020
134,A13 P6 BPI 2020,Calculate frequency,Calculate frequency of variants,2021-07-07 17:27:38.511292,P6,2020
135,A13 P6 BPI 2020,Calculate intervals of time of the traces, ,2021-07-07 17:27:38.527281,P6,2020
136,A13 P6 BPI 2020,Identify bottlenecks,Identify activities as bottlenecks applying temporal performance criteria,2021-07-07 17:27:38.556033,P6,2020
137,A25 P6 BPI 2020,Represent histograms,Represent histograms of cycle time,2021-07-07 17:27:38.573731,P6,2020
138,A25 P6 BPI 2020,Calculate cycle time,Calculate cycle time for all pairs of events for all traces,2021-07-07 17:27:38.582874,P6,2020
139,A25 P6 BPI 2020,Identify bottlenecks,Identify activities as bottlenecks applying temporal performance criteria,2021-07-07 17:27:38.613596,P6,2020
140,A26 P6 BPI 2020,Calculate cycle time,Get cycle time from the previous question,2021-07-07 17:27:38.626136,P6,2020
141,A26 P6 BPI 2020,Represent process map,Get process map from the previous question,2021-07-07 17:27:38.671779,P6,2020
142,A26 P6 BPI 2020,Identify bottlenecks,Identify activities as bottlenecks applying temporal performance criteria,2021-07-07 17:27:38.696405,P6,2020
143,A28 P6 BPI 2020,Identify bottlenecks,Identify sub-processes with incorrect orders with respect to the happy path as bottlenecks,2021-07-07 17:27:38.737438,P6,2020
144,A35 P6 BPI 2020,Represent process map,Represent process map with cycle time,2021-07-07 17:27:38.776395,P6,2020
145,A35 P6 BPI 2020,Identify bottlenecks,Identify sub-processes with incorrect orders with respect to the happy path as bottlenecks,2021-07-07 17:27:38.807540,P6,2020
146,A37 P6 BPI 2020,Filter traces,Filter traces by activities,2021-07-07 17:27:38.839138,P6,2020
147,A37 P6 BPI 2020,Preprocess the traces of the logs, ,2021-07-07 17:27:38.867841,P6,2020
148,A37 P6 BPI 2020,Calculate number of elements,Calculate number of variants,2021-07-07 17:27:38.875962,P6,2020
149,A37 P6 BPI 2020,Calculate number of elements,Calculate number of different organizational units,2021-07-07 17:27:38.902869,P6,2020
150,A37 P6 BPI 2020,Calculate cycle time,Calculate cycle time of a fragment of the process for a subset of traces,2021-07-07 17:27:38.916881,P6,2020
151,A37 P6 BPI 2020,Compare cycle time, ,2021-07-07 17:27:38.942840,P6,2020
152,A2 P5 BPI 2015,Calculate cycle time,Calculate cycle time of the whole process for all traces,2021-07-07 17:27:38.955944,P5,2015
153,A2 P5 BPI 2015,Filter events,Filter events by cycle time,2021-07-07 17:27:38.993847,P5,2015
154,A2 P5 BPI 2015,Represent histograms,Represent histograms of cycle time,2021-07-07 17:27:39.029255,P5,2015
155,A2 P5 BPI 2015,Identify bottlenecks,Identify activities as bottlenecks applying temporal performance criteria,2021-07-07 17:27:39.053515,P5,2015
156,A3 P5 BPI 2015,Group activities,Group activities by sub-processes,2021-07-07 17:27:39.076888,P5,2015
157,A3 P5 BPI 2015,Calculate cycle time,Calculate cycle time for all pairs of events for each subset of traces,2021-07-07 17:27:39.109184,P5,2015
158,A3 P5 BPI 2015,Represent process map,Represent process map with cycle time,2021-07-07 17:27:39.137456,P5,2015
159,A3 P5 BPI 2015,Filter activities,Filter activities by frequency,2021-07-07 17:27:39.153269,P5,2015
160,A3 P5 BPI 2015,Represent bar charts,Represent bar charts of traces,2021-07-07 17:27:39.175945,P5,2015
161,A3 P5 BPI 2015,Identify bottlenecks,Identify activities as bottlenecks applying temporal performance criteria,2021-07-07 17:27:39.193683,P5,2015
162,A3 P5 BPI 2015,Represent process map,Represent process map with cycle time,2021-07-07 17:27:39.217857,P5,2015
163,A4 P5 BPI 2015,Calculate cycle time,Calculate cycle time of the whole process for each subset of traces,2021-07-07 17:27:39.227751,P5,2015
164,A4 P5 BPI 2015,Identify bottlenecks,Identify organizational units as bottlenecks applying temporal performance criteria,2021-07-07 17:27:39.250738,P5,2015
165,A4 P5 BPI 2015,Identify impact of bottlenecks by organizational unit, ,2021-07-07 17:27:39.268355,P5,2015
166,A4 P5 BPI 2015,Compare cycle time, ,2021-07-07 17:27:39.285861,P5,2015
167,A7 P5 BPI 2015,Filter traces,Filter traces by attributes,2021-07-07 17:27:39.306147,P5,2015
168,A7 P5 BPI 2015,Calculate cycle time,Calculate cycle time of the whole process for a subset of traces,2021-07-07 17:27:39.318868,P5,2015
169,A7 P5 BPI 2015,Represent histograms,Represent histograms of cycle time,2021-07-07 17:27:39.351043,P5,2015
170,A7 P5 BPI 2015,Compare cycle time, ,2021-07-07 17:27:39.365210,P5,2015
171,A7 P5 BPI 2015,Identify bottlenecks,Identify activities as bottlenecks applying temporal performance criteria,2021-07-07 17:27:39.385944,P5,2015
172,A7 P5 BPI 2015,Represent process map,Represent process map with cycle time,2021-07-07 17:27:39.406077,P5,2015
173,A8 P5 BPI 2015,Calculate cycle time,Calculate cycle time of the whole process for each subset of traces,2021-07-07 17:27:39.424040,P5,2015
174,A8 P5 BPI 2015,Compare cycle time, ,2021-07-07 17:27:39.446341,P5,2015
175,A8 P5 BPI 2015,Group traces,Group traces depending on attributes,2021-07-07 17:27:39.463777,P5,2015
176,A8 P5 BPI 2015,Calculate cycle time,Calculate cycle time of the whole process for each subset of traces,2021-07-07 17:27:39.488963,P5,2015
177,A8 P5 BPI 2015,Group traces,Grouping traces by cycle time,2021-07-07 17:27:39.513029,P5,2015
178,A8 P5 BPI 2015,Group traces,Grouping by organizational units,2021-07-07 17:27:39.535912,P5,2015
179,A8 P5 BPI 2015,Compare cycle time, ,2021-07-07 17:27:39.565300,P5,2015
180,A8 P5 BPI 2015,Analyze cycle time depending on the events, ,2021-07-07 17:27:39.575923,P5,2015
181,A8 P5 BPI 2015,Calculate number of elements,Calculate number of traces,2021-07-07 17:27:39.600480,P5,2015
182,A8 P5 BPI 2015,Compare cycle time, ,2021-07-07 17:27:39.620346,P5,2015
183,A8 P5 BPI 2015,Filter activities,Filter activities by frequency,2021-07-07 17:27:39.636809,P5,2015
184,A8 P5 BPI 2015,Identify bottlenecks,Identify activities as bottlenecks applying temporal performance criteria,2021-07-07 17:27:39.657392,P5,2015
185,A8 P5 BPI 2015,Calculate frequency,Calculate frequency of activities,2021-07-07 17:27:39.673785,P5,2015
186,A8 P5 BPI 2015,Calculate cycle time,Calculate cycle time of only a subset of pairs of events for each subset of traces,2021-07-07 17:27:39.693676,P5,2015
187,A8 P5 BPI 2015,Identify bottlenecks,Identify organizational units as bottlenecks applying temporal performance criteria,2021-07-07 17:27:39.718055,P5,2015
188,A8 P5 BPI 2015,Identify resources,Identify resource associated with bottlenecks,2021-07-07 17:27:39.738850,P5,2015
189,A9 P5 BPI 2015,Filter traces,Filter traces by activities,2021-07-07 17:27:39.755495,P5,2015
190,A9 P5 BPI 2015,Calculate cycle time,Calculate cycle time for all pairs of events for a subset of traces,2021-07-07 17:27:39.770247,P5,2015
191,A9 P5 BPI 2015,Group traces,Grouping traces by cycle time,2021-07-07 17:27:39.786141,P5,2015
192,A9 P5 BPI 2015,Aplicar árboles de decisión, ,2021-07-07 17:27:39.805989,P5,2015
193,A9 P5 BPI 2015,Group organizational units, ,2021-07-07 17:27:39.826061,P5,2015
194,A9 P5 BPI 2015,Calculate number of elements,Calculate number of traces,2021-07-07 17:27:39.845000,P5,2015
195,A9 P5 BPI 2015,Calculate cycle time,Calculate cycle time of the whole process for each subset of traces,2021-07-07 17:27:39.865916,P5,2015
196,A9 P5 BPI 2015,Compare cycle time, ,2021-07-07 17:27:39.890936,P5,2015
197,A9 P5 BPI 2015,Identify bottlenecks,Identify organizational units as bottlenecks applying temporal performance criteria,2021-07-07 17:27:39.921477,P5,2015
198,A1 P1 BPI 2020,Filter traces,Filter traces by activities,2021-07-07 17:27:39.944011,P1,2020
199,A1 P1 BPI 2020,Calculate cycle time,Calculate cycle time of the whole process for a subset of traces,2021-07-07 17:27:39.967810,P1,2020
200,A1 P1 BPI 2020,Calculate throughput, ,2021-07-07 17:27:39.993754,P1,2020
201,A1 P1 BPI 2020,Filter traces,Filter traces by attributes,2021-07-07 17:27:40.020849,P1,2020
202,A1 P1 BPI 2020,Calculate cycle time,Calculate cycle time of the whole process for a subset of traces,2021-07-07 17:27:40.034883,P1,2020
203,A2 P1 BPI 2020,Calculate cycle time,Calculate cycle time of the whole process for all traces,2021-07-07 17:27:40.056271,P1,2020
204,A7 P1 BPI 2020,Filter traces,Filter traces by activities,2021-07-07 17:27:40.083493,P1,2020
205,A7 P1 BPI 2020,Calculate percentages,Calculate percentage of traces,2021-07-07 17:27:40.100833,P1,2020
206,A7 P1 BPI 2020,Calculate number of elements,Calculate number of traces,2021-07-07 17:27:40.117085,P1,2020
207,A7 P1 BPI 2020,Calculate throughput, ,2021-07-07 17:27:40.135165,P1,2020
208,A7 P1 BPI 2020,Calculate statistics,Calculate Statistics of throughput,2021-07-07 17:27:40.159283,P1,2020
209,A7 P1 BPI 2020,Calculate statistics,Calculate Statistics of throughput,2021-07-07 17:27:40.175908,P1,2020
210,A7 P1 BPI 2020,Calculate throughput, ,2021-07-07 17:27:40.198834,P1,2020
211,A7 P1 BPI 2020,Calculate statistics,Calculate Statistics of throughput,2021-07-07 17:27:40.215878,P1,2020
212,A10 P1 BPI 2020,Calculate cycle time,Calculate cycle time of a fragment of the process for all traces,2021-07-07 17:27:40.234840,P1,2020
213,A10 P1 BPI 2020,Represent histograms,Represent histograms of cycle time,2021-07-07 17:27:40.258670,P1,2020
214,A10 P1 BPI 2020,Represent boxplots of cycle time, ,2021-07-07 17:27:40.276528,P1,2020
215,A10 P1 BPI 2020,Represent density of cycle time, ,2021-07-07 17:27:40.298855,P1,2020
216,A12 P1 BPI 2020,Calculate processing time, ,2021-07-07 17:27:40.313754,P1,2020
217,A12 P1 BPI 2020,Filter traces,Filter traces by activities,2021-07-07 17:27:40.333850,P1,2020
218,A12 P1 BPI 2020,Represent process map,Represent process map with cycle time,2021-07-07 17:27:40.353696,P1,2020
219,A13 P1 BPI 2020,Represent bar charts,Represent bar charts of traces,2021-07-07 17:27:40.377131,P1,2020
220,A13 P1 BPI 2020,Calculate throughput, ,2021-07-07 17:27:40.391290,P1,2020
221,A13 P1 BPI 2020,Represent bar charts,Represent bar charts of traces,2021-07-07 17:27:40.416748,P1,2020
222,A13 P1 BPI 2020,Group traces,Group traces by year,2021-07-07 17:27:40.425053,P1,2020
223,A13 P1 BPI 2020,Filter traces,Filter traces by activities,2021-07-07 17:27:40.445400,P1,2020
224,A13 P1 BPI 2020,Calculate cycle time,Calculate cycle time of the whole process for each subset of traces,2021-07-07 17:27:40.465974,P1,2020
225,A13 P1 BPI 2020,Calculate number of elements,Calculate number of traces,2021-07-07 17:27:40.485940,P1,2020
226,A13 P1 BPI 2020,Calculate percentages,Calculate percentage of traces,2021-07-07 17:27:40.505965,P1,2020
227,A18 P1 BPI 2020,Filter traces,Filter traces by activities,2021-07-07 17:27:40.525964,P1,2020
228,A18 P1 BPI 2020,Calculate number of elements,Calculate number of traces,2021-07-07 17:27:40.545947,P1,2020
229,A18 P1 BPI 2020,Calculate cycle time,Calculate cycle time of a fragment of the process for a subset of traces,2021-07-07 17:27:40.563590,P1,2020
230,A18 P1 BPI 2020,Represent boxplots of cycle time, ,2021-07-07 17:27:40.586689,P1,2020
231,A25 P1 BPI 2020,Filter traces,Filter traces by attributes,2021-07-07 17:27:40.607497,P1,2020
232,A25 P1 BPI 2020,Calculate cycle time,Calculate cycle time of the whole process for all traces,2021-07-07 17:27:40.618066,P1,2020
233,A25 P1 BPI 2020,Represent histograms,Represent histograms of cycle time,2021-07-07 17:27:40.648926,P1,2020
234,A25 P1 BPI 2020,Compare cycle time, ,2021-07-07 17:27:40.658001,P1,2020
235,A25 P1 BPI 2020,Calculate cycle time,Calculate cycle time of a fragment of the process for all traces,2021-07-07 17:27:40.678830,P1,2020
236,A25 P1 BPI 2020,Represent histograms,Represent histograms of cycle time,2021-07-07 17:27:40.703812,P1,2020
237,A26 P1 BPI 2020,Represent process map,Represent process map with cycle time,2021-07-07 17:27:40.723921,P1,2020
238,A26 P1 BPI 2020,Filter traces,Filter traces by activities,2021-07-07 17:27:40.738347,P1,2020
239,A26 P1 BPI 2020,Calculate cycle time,Calculate cycle time of the whole process for a subset of traces,2021-07-07 17:27:40.753676,P1,2020
240,A28 P1 BPI 2020,Calculate cycle time,Calculate cycle time of the whole process for all traces,2021-07-07 17:27:40.773877,P1,2020
241,A28 P1 BPI 2020,Represent bar charts,Represent bar charts of cycle time,2021-07-07 17:27:40.802042,P1,2020
242,A28 P1 BPI 2020,Compare cycle time, ,2021-07-07 17:27:40.816025,P1,2020
243,A35 P1 BPI 2020,Filter traces,Filter traces by activities,2021-07-07 17:27:40.834992,P1,2020
244,A35 P1 BPI 2020,Calculate percentages,Calculate percentage of traces,2021-07-07 17:27:40.853861,P1,2020
245,A35 P1 BPI 2020,Calculate cycle time,Calculate cycle time of a fragment of the process for all traces,2021-07-07 17:27:40.868899,P1,2020
246,A35 P1 BPI 2020,Represent histograms,Represent histograms of cycle time,2021-07-07 17:27:40.893836,P1,2020
247,A35 P1 BPI 2020,Compare cycle time, ,2021-07-07 17:27:40.911705,P1,2020
248,A35 P1 BPI 2020,Group traces,Group traces by year,2021-07-07 17:27:40.925931,P1,2020
249,A35 P1 BPI 2020,Calculate percentages,Calculate percentage of traces,2021-07-07 17:27:40.946563,P1,2020
250,A37 P1 BPI 2020,Calculate cycle time,Calculate cycle time of a fragment of the process for all traces,2021-07-07 17:27:40.968842,P1,2020
251,A37 P1 BPI 2020,Calculate cycle time,Calculate cycle time of a fragment of the process for a subset of traces,2021-07-07 17:27:40.987862,P1,2020
252,A37 P1 BPI 2020,Calculate number of elements,Calculate number of traces,2021-07-07 17:27:41.007718,P1,2020
253,A37 P1 BPI 2020,Calculate number of elements,Calculate number of events,2021-07-07 17:27:41.026040,P1,2020
254,A37 P1 BPI 2020,Calculate number of elements,Calculate number of variants,2021-07-07 17:27:41.045575,P1,2020
255,A1 P1 BPI 2017,Calculate cycle time,Calculate cycle time of the whole process for all traces,2021-07-07 17:27:41.063947,P1,2017
256,A1 P1 BPI 2017,Calculate cycle time,Calculate cycle time of a fragment of the process for all traces,2021-07-07 17:27:41.082970,P1,2017
257,A1 P1 BPI 2017,Filter events,Filter events by attributes,2021-07-07 17:27:41.106233,P1,2017
258,A1 P1 BPI 2017,Calculate cycle time,Calculate cycle time of only a subset of pairs of events for all traces,2021-07-07 17:27:41.115222,P1,2017
259,A1 P1 BPI 2017,Calculate frequency,Calculate frequency of events,2021-07-07 17:27:41.133748,P1,2017
260,A1 P1 BPI 2017,Filter events,Filter events by activities,2021-07-07 17:27:41.155766,P1,2017
261,A1 P1 BPI 2017,Calculate cycle time,Calculate cycle time of only a subset of pairs of events for all traces,2021-07-07 17:27:41.165876,P1,2017
262,A1 P1 BPI 2017,Calculate frequency,Calculate frequency of events,2021-07-07 17:27:41.178670,P1,2017
263,A1 P1 BPI 2017,Represent histograms,Represent histograms of cycle time,2021-07-07 17:27:41.194865,P1,2017
264,A1 P1 BPI 2017,Identify bottlenecks,Identify sub-processes as bottlenecks applying temporal performance criteria,2021-07-07 17:27:41.204421,P1,2017
265,A1 P1 BPI 2017,Calculate percentages,Calculate percentage of traces,2021-07-07 17:27:41.218508,P1,2017
266,A1 P1 BPI 2017,Calculate cycle time,Calculate cycle time of a fragment of the process for a subset of traces,2021-07-07 17:27:41.234583,P1,2017
267,A2 P1 BPI 2017,Filter traces,Filter traces by activities,2021-07-07 17:27:41.258998,P1,2017
268,A2 P1 BPI 2017,Calculate waiting time, ,2021-07-07 17:27:41.276995,P1,2017
269,A2 P1 BPI 2017,Filter traces,Filter traces by activities,2021-07-07 17:27:41.303283,P1,2017
270,A2 P1 BPI 2017,Calculate waiting time, ,2021-07-07 17:27:41.321770,P1,2017
271,A5 P1 BPI 2017,Filter events,Filter events by activities,2021-07-07 17:27:41.343746,P1,2017
272,A5 P1 BPI 2017,Calculate cycle time,Calculate cycle time of a fragment of the process for a subset of traces,2021-07-07 17:27:41.358921,P1,2017
273,A5 P1 BPI 2017,Calculate processing time, ,2021-07-07 17:27:41.382401,P1,2017
274,A5 P1 BPI 2017,Calculate waiting time, ,2021-07-07 17:27:41.403316,P1,2017
275,A5 P1 BPI 2017,Represent process map,Represent process map with cycle time,2021-07-07 17:27:41.425936,P1,2017
276,A5 P1 BPI 2017,Filter events,Filter events by activities,2021-07-07 17:27:41.435526,P1,2017
277,A5 P1 BPI 2017,Calculate cycle time,Calculate cycle time of a fragment of the process for a subset of traces,2021-07-07 17:27:41.455846,P1,2017
278,A5 P1 BPI 2017,Calculate processing time, ,2021-07-07 17:27:41.473641,P1,2017
279,A5 P1 BPI 2017,Calculate waiting time, ,2021-07-07 17:27:41.494711,P1,2017
280,A5 P1 BPI 2017,Represent process map,Represent process map with cycle time,2021-07-07 17:27:41.517523,P1,2017
281,A6 P1 BPI 2017,Discover process maps, ,2021-07-07 17:27:41.535881,P1,2017
282,A6 P1 BPI 2017,Represent process map,Represent process map with cycle time,2021-07-07 17:27:41.553680,P1,2017
283,A6 P1 BPI 2017,Calculate waiting time, ,2021-07-07 17:27:41.570867,P1,2017
284,A6 P1 BPI 2017,Calculate frequency,Calculate frequency of events,2021-07-07 17:27:41.586856,P1,2017
285,A6 P1 BPI 2017,Identify bottlenecks,Identify activities as bottlenecks applying temporal performance criteria,2021-07-07 17:27:41.614538,P1,2017
286,A6 P1 BPI 2017,Calculate frequency,Calculate frequency of activities,2021-07-07 17:27:41.626025,P1,2017
287,A6 P1 BPI 2017,Calculate number of elements,Calculate number of traces,2021-07-07 17:27:41.642895,P1,2017
288,A6 P1 BPI 2017,Calculate cycle time,Calculate cycle time of only a subset of pairs of events for all traces,2021-07-07 17:27:41.658882,P1,2017
289,A6 P1 BPI 2017,Calculate waiting time, ,2021-07-07 17:27:41.682866,P1,2017
290,A6 P1 BPI 2017,Calculate processing time, ,2021-07-07 17:27:41.706005,P1,2017
291,A6 P1 BPI 2017,Represent histograms,Represent histograms of cycle time,2021-07-07 17:27:41.723683,P1,2017
292,A6 P1 BPI 2017,Group traces,Grouping traces by cycle time,2021-07-07 17:27:41.732929,P1,2017
293,A6 P1 BPI 2017,Calculate number of elements,Calculate number of traces,2021-07-07 17:27:41.756908,P1,2017
294,A6 P1 BPI 2017,Calculate percentages,Calculate percentage of traces,2021-07-07 17:27:41.777595,P1,2017
295,A6 P1 BPI 2017,Filter traces,Filter traces by activities,2021-07-07 17:27:41.802206,P1,2017
296,A7 P1 BPI 2017,Calculate number of elements,Calculate number of activities,2021-07-07 17:27:41.819792,P1,2017
297,A7 P1 BPI 2017,Calculate waiting time, ,2021-07-07 17:27:41.839133,P1,2017
298,A7 P1 BPI 2017,Identify bottlenecks,Identify activities as bottlenecks applying temporal performance criteria,2021-07-07 17:27:41.860070,P1,2017
299,A7 P1 BPI 2017,Identify roles,Identify rol associated with bottlenecks,2021-07-07 17:27:41.880869,P1,2017
300,A7 P1 BPI 2017,Group traces,Group traces by waiting,2021-07-07 17:27:41.890947,P1,2017
301,A7 P1 BPI 2017,Calculate percentages,Calculate percentage of events,2021-07-07 17:27:41.914156,P1,2017
302,A7 P1 BPI 2017,Calculate waiting time, ,2021-07-07 17:27:41.935900,P1,2017
303,A7 P1 BPI 2017,Identify resources,Identify resources by activities,2021-07-07 17:27:41.953869,P1,2017
304,A7 P1 BPI 2017,Calculate frequency,Calculate frequency of resources,2021-07-07 17:27:41.972582,P1,2017
305,A7 P1 BPI 2017,Calculate waiting time, ,2021-07-07 17:27:41.993916,P1,2017
306,A8 P1 BPI 2017,Filter traces,Filter traces by activities,2021-07-07 17:27:42.014847,P1,2017
307,A8 P1 BPI 2017,Calculate waiting time, ,2021-07-07 17:27:42.026023,P1,2017
308,A8 P1 BPI 2017,Represent bar charts,Represent bar charts of waiting time,2021-07-07 17:27:42.054534,P1,2017
309,A8 P1 BPI 2017,Calculate waiting time, ,2021-07-07 17:27:42.067960,P1,2017
310,A8 P1 BPI 2017,Represent bar charts,Represent bar charts of waiting time,2021-07-07 17:27:42.087742,P1,2017
311,A8 P1 BPI 2017,Calculate waiting time, ,2021-07-07 17:27:42.106245,P1,2017
312,A8 P1 BPI 2017,Identify bottlenecks,Identify activities as bottlenecks applying temporal performance criteria,2021-07-07 17:27:42.127653,P1,2017
313,A9 P1 BPI 2017,Calculate processing time, ,2021-07-07 17:27:42.143599,P1,2017
314,A9 P1 BPI 2017,Calculate waiting time, ,2021-07-07 17:27:42.163630,P1,2017
315,A9 P1 BPI 2017,Compare waiting time with processing time, ,2021-07-07 17:27:42.183575,P1,2017
316,A9 P1 BPI 2017,Calculate waiting time, ,2021-07-07 17:27:42.199803,P1,2017
317,A9 P1 BPI 2017,Group activities,Group activities by rol,2021-07-07 17:27:42.213896,P1,2017
318,A9 P1 BPI 2017,Calculate waiting time, ,2021-07-07 17:27:42.239145,P1,2017
319,A9 P1 BPI 2017,Identify bottlenecks,Identify activities as bottlenecks applying temporal performance criteria,2021-07-07 17:27:42.259356,P1,2017
320,A9 P1 BPI 2017,Represent histograms,Represent histograms of waiting time,2021-07-07 17:27:42.282827,P1,2017
321,A9 P1 BPI 2017,Identify roles,Identify rol associated with bottlenecks,2021-07-07 17:27:42.300453,P1,2017
322,A10 P1 BPI 2017,Filter traces,Filter traces by attributes,2021-07-07 17:27:42.314860,P1,2017
323,A10 P1 BPI 2017,Represent process map,Represent process map with cycle time,2021-07-07 17:27:42.340878,P1,2017
324,A10 P1 BPI 2017,Calculate cycle time,Calculate cycle time for all pairs of events for a subset of traces,2021-07-07 17:27:42.344780,P1,2017
325,A10 P1 BPI 2017,Calculate waiting time, ,2021-07-07 17:27:42.372741,P1,2017
326,A10 P1 BPI 2017,Identify bottlenecks,Identify activities as bottlenecks applying temporal performance criteria,2021-07-07 17:27:42.393856,P1,2017
327,A10 P1 BPI 2017,Identify roles,Identify rol associated with bottlenecks,2021-07-07 17:27:42.413615,P1,2017
328,A11 P1 BPI 2017,Group traces,Group traces by activities,2021-07-07 17:27:42.424609,P1,2017
329,A11 P1 BPI 2017,Calculate number of elements,Calculate number of events,2021-07-07 17:27:42.446064,P1,2017
330,A11 P1 BPI 2017,Calculate number of elements,Calculate number of traces,2021-07-07 17:27:42.466521,P1,2017
331,A11 P1 BPI 2017,Calculate number of elements,Calculate number of activities,2021-07-07 17:27:42.485729,P1,2017
332,A11 P1 BPI 2017,Calculate cycle time,Calculate cycle time of the whole process for each subset of traces,2021-07-07 17:27:42.505149,P1,2017
333,A11 P1 BPI 2017,Represent process map,Represent process map with cycle time,2021-07-07 17:27:42.536163,P1,2017
334,A11 P1 BPI 2017,Identify bottlenecks,Identify activities as bottlenecks applying temporal performance criteria,2021-07-07 17:27:42.555626,P1,2017
335,A11 P1 BPI 2017,Calculate waiting time, ,2021-07-07 17:27:42.577016,P1,2017
336,A11 P1 BPI 2017,Filter traces,Filter traces by cycle time,2021-07-07 17:27:42.605671,P1,2017
337,A11 P1 BPI 2017,Represent histograms,Represent histograms of cycle time,2021-07-07 17:27:42.634554,P1,2017
338,A11 P1 BPI 2017,Calculate waiting time, ,2021-07-07 17:27:42.651153,P1,2017
339,A13 P1 BPI 2017,Represent process map,Represent process map with frequency,2021-07-07 17:27:42.683783,P1,2017
340,A13 P1 BPI 2017,Represent histograms,Represent histograms of waiting time,2021-07-07 17:27:42.703705,P1,2017
341,A13 P1 BPI 2017,Calculate waiting time, ,2021-07-07 17:27:42.718526,P1,2017
342,A13 P1 BPI 2017,Identify bottlenecks,Identify sub-processes as bottlenecks applying temporal performance criteria,2021-07-07 17:27:42.737156,P1,2017
343,A13 P1 BPI 2017,Filter traces,Filter traces by activities,2021-07-07 17:27:42.758935,P1,2017
344,A13 P1 BPI 2017,Calculate number of elements,Calculate number of traces,2021-07-07 17:27:42.775442,P1,2017
345,A13 P1 BPI 2017,Represent process map,Represent process map with frequency,2021-07-07 17:27:42.803673,P1,2017
346,A14 P1 BPI 2017,Preprocess the traces of the logs, ,2021-07-07 17:27:42.820779,P1,2017
347,A14 P1 BPI 2017,Group traces,Group traces by activities,2021-07-07 17:27:42.832319,P1,2017
348,A14 P1 BPI 2017,Calculate percentages,Calculate percentage of traces,2021-07-07 17:27:42.856854,P1,2017
349,A14 P1 BPI 2017,Calculate cycle time,Calculate cycle time of the whole process for all traces,2021-07-07 17:27:42.873202,P1,2017
350,A14 P1 BPI 2017,Calculate cycle time,Calculate cycle time for all pairs of events for each subset of traces,2021-07-07 17:27:42.892051,P1,2017
351,A14 P1 BPI 2017,Identify bottlenecks,Identify sub-processes as bottlenecks applying temporal performance criteria,2021-07-07 17:27:42.919035,P1,2017
352,A14 P1 BPI 2017,Group traces,Group traces depending on attributes,2021-07-07 17:27:42.931556,P1,2017
353,A14 P1 BPI 2017,Calculate percentages,Calculate percentage of traces,2021-07-07 17:27:42.956363,P1,2017
354,A14 P1 BPI 2017,Calculate cycle time,Calculate cycle time for all pairs of events for each subset of traces,2021-07-07 17:27:42.973735,P1,2017
355,A15 P1 BPI 2017,Represent process map,Represent process map with cycle time,2021-07-07 17:27:43.008275,P1,2017
356,A15 P1 BPI 2017,Identify bottlenecks,Identify activities as bottlenecks applying temporal performance criteria,2021-07-07 17:27:43.024906,P1,2017
357,A15 P1 BPI 2017,Identify roles,Identify rol associated with bottlenecks,2021-07-07 17:27:43.048763,P1,2017
358,A15 P1 BPI 2017,Represent histograms,Represent histograms of cycle time,2021-07-07 17:27:43.071063,P1,2017
359,A15 P1 BPI 2017,Calculate cycle time,Calculate cycle time of the whole process for all traces,2021-07-07 17:27:43.081704,P1,2017
360,A16 P1 BPI 2017,Represent process map,Represent process map with cycle time,2021-07-07 17:27:43.104793,P1,2017
361,A16 P1 BPI 2017,Calculate waiting time, ,2021-07-07 17:27:43.124432,P1,2017
362,A16 P1 BPI 2017,Group traces,Group traces by activities,2021-07-07 17:27:43.142851,P1,2017
363,A16 P1 BPI 2017,Calculate number of elements,Calculate number of traces,2021-07-07 17:27:43.163322,P1,2017
364,A16 P1 BPI 2017,Calculate waiting time, ,2021-07-07 17:27:43.184075,P1,2017
365,A16 P1 BPI 2017,Group traces,Group traces by activities,2021-07-07 17:27:43.200674,P1,2017
366,A16 P1 BPI 2017,Calculate number of elements,Calculate number of traces,2021-07-07 17:27:43.228842,P1,2017
367,A16 P1 BPI 2017,Calculate cycle time,Calculate cycle time of a fragment of the process for each subset of traces,2021-07-07 17:27:43.248678,P1,2017
368,A17 P1 BPI 2017,Calculate cycle time,Calculate cycle time of the whole process for all traces,2021-07-07 17:27:43.268889,P1,2017
369,A17 P1 BPI 2017,Calculate cycle time,Calculate cycle time of a fragment of the process for each subset of traces,2021-07-07 17:27:43.284380,P1,2017
370,A17 P1 BPI 2017,Filter traces,Filter traces by attributes,2021-07-07 17:27:43.313781,P1,2017
371,A17 P1 BPI 2017,Calculate cycle time,Calculate cycle time of the whole process for a subset of traces,2021-07-07 17:27:43.325045,P1,2017
372,A17 P1 BPI 2017,Represent process map,Represent process map with cycle time,2021-07-07 17:27:43.353646,P1,2017
373,A17 P1 BPI 2017,Identify bottlenecks,Identify sub-processes as bottlenecks applying temporal performance criteria,2021-07-07 17:27:43.373696,P1,2017
374,A17 P1 BPI 2017,Identify roles,Identify rol associated with bottlenecks,2021-07-07 17:27:43.388604,P1,2017
375,A17 P1 BPI 2017,Calculate processing time, ,2021-07-07 17:27:43.403641,P1,2017
376,A17 P1 BPI 2017,Calculate waiting time, ,2021-07-07 17:27:43.425970,P1,2017
377,A17 P1 BPI 2017,Compare waiting time with processing time, ,2021-07-07 17:27:43.446325,P1,2017
378,A21 P1 BPI 2017,Calculate waiting time, ,2021-07-07 17:27:43.465417,P1,2017
379,A21 P1 BPI 2017,Calculate processing time, ,2021-07-07 17:27:43.484974,P1,2017
380,A21 P1 BPI 2017,Calculate cycle time,Calculate cycle time of the whole process for all traces,2021-07-07 17:27:43.498305,P1,2017
381,A21 P1 BPI 2017,Identify bottlenecks,Identify activities as bottlenecks applying temporal performance criteria,2021-07-07 17:27:43.522951,P1,2017
382,A22 P1 BPI 2017,Calculate waiting time, ,2021-07-07 17:27:43.538325,P1,2017
383,A22 P1 BPI 2017,Assign resource to each activity, ,2021-07-07 17:27:43.555919,P1,2017
384,A22 P1 BPI 2017,Calculate frequency,Calculate frequency of activities,2021-07-07 17:27:43.579045,P1,2017
385,A22 P1 BPI 2017,Calculate frequency,Calculate frequency of activities,2021-07-07 17:27:43.594086,P1,2017
386,A22 P1 BPI 2017,Identify bottlenecks,Identify activities as bottlenecks applying temporal performance criteria,2021-07-07 17:27:43.620523,P1,2017
387,A23 P1 BPI 2017,Group activities,Group activities using clustering,2021-07-07 17:27:43.631960,P1,2017
388,A23 P1 BPI 2017,Represent heatmaps, ,2021-07-07 17:27:43.662703,P1,2017
389,A23 P1 BPI 2017,Represent process map,Represent process map with frequency,2021-07-07 17:27:43.680685,P1,2017
390,A23 P1 BPI 2017,Calculate cycle time,Calculate cycle time of only a subset of pairs of events for a subset of traces,2021-07-07 17:27:43.685063,P1,2017
391,A23 P1 BPI 2017,Identify bottlenecks,Identify activities as bottlenecks applying temporal performance criteria,2021-07-07 17:27:43.713963,P1,2017
392,A1 P2 BPI 2019,Group events by time, ,2021-07-07 17:27:43.725069,P2,2019
393,A1 P2 BPI 2019,Calculate cycle time,Calculate cycle time of only a subset of pairs of events for each subset of traces,2021-07-07 17:27:43.744733,P2,2019
394,A1 P2 BPI 2019,Represent bar charts,Represent bar charts of cycle time,2021-07-07 17:27:43.771874,P2,2019
395,A1 P2 BPI 2019,Compare cycle time, ,2021-07-07 17:27:43.784007,P2,2019
396,A1 P2 BPI 2019,Filter traces,Filter traces by activities,2021-07-07 17:27:43.805701,P2,2019
397,A1 P2 BPI 2019,Calculate number of elements,Calculate number of traces,2021-07-07 17:27:43.816015,P2,2019
398,A1 P2 BPI 2019,Calculate throughput, ,2021-07-07 17:27:43.835993,P2,2019
399,A1 P2 BPI 2019,Calculate frequency,Calculate frequency of attributes,2021-07-07 17:27:43.857308,P2,2019
400,A1 P2 BPI 2019,Represent circular charts of attributes of the traces, ,2021-07-07 17:27:43.884096,P2,2019
401,A3 P2 BPI 2019,Group traces,Group traces depending on attributes,2021-07-07 17:27:43.893644,P2,2019
402,A3 P2 BPI 2019,Calculate cycle time,Calculate cycle time for all pairs of events for each subset of traces,2021-07-07 17:27:43.907367,P2,2019
403,A3 P2 BPI 2019,Calculate percentages,Calculate percentage of events,2021-07-07 17:27:43.928291,P2,2019
404,A3 P2 BPI 2019,Represent circular charts of attributes of the traces, ,2021-07-07 17:27:43.956940,P2,2019
405,A3 P2 BPI 2019,Identify bottlenecks,Identify sub-processes as bottlenecks applying temporal performance criteria,2021-07-07 17:27:43.970108,P2,2019
406,A3 P2 BPI 2019,Aplicar técnicas de machine learning, ,2021-07-07 17:27:43.983993,P2,2019
407,A3 P2 BPI 2019,Represent histograms,Represent histograms of cycle time,2021-07-07 17:27:44.014032,P2,2019
408,A4 P2 BPI 2019,Preprocess the events of the logs, ,2021-07-07 17:27:44.031676,P2,2019
409,A4 P2 BPI 2019,Calculate cycle time,Calculate cycle time of only a subset of pairs of events for a subset of traces,2021-07-07 17:27:44.041869,P2,2019
410,A4 P2 BPI 2019,Filter traces,Filter traces by activities,2021-07-07 17:27:44.064000,P2,2019
411,A4 P2 BPI 2019,Filter traces,Filter traces depending on the order of activities,2021-07-07 17:27:44.084954,P2,2019
412,A4 P2 BPI 2019,Filter traces,Filter traces by attributes,2021-07-07 17:27:44.102442,P2,2019
413,A4 P2 BPI 2019,Group traces,Group traces by activities,2021-07-07 17:27:44.115332,P2,2019
414,A4 P2 BPI 2019,Calculate cycle time,Calculate cycle time of only a subset of pairs of events for each subset of traces,2021-07-07 17:27:44.134777,P2,2019
415,A4 P2 BPI 2019,Filter traces,Filter traces by attributes,2021-07-07 17:27:44.154841,P2,2019
416,A4 P2 BPI 2019,Calculate cycle time,Calculate cycle time of only a subset of pairs of events for a subset of traces,2021-07-07 17:27:44.173132,P2,2019
417,A4 P2 BPI 2019,Filter traces,Filter traces by attributes,2021-07-07 17:27:44.194782,P2,2019
418,A4 P2 BPI 2019,Represent bar charts,Represent bar charts of cycle time,2021-07-07 17:27:44.214631,P2,2019
419,A5 P2 BPI 2019,Filter traces,Filter traces by activities,2021-07-07 17:27:44.233749,P2,2019
420,A5 P2 BPI 2019,Calculate percentages,Calculate percentage of traces,2021-07-07 17:27:44.244799,P2,2019
421,A5 P2 BPI 2019,Calculate cycle time,Calculate cycle time of the whole process for a subset of traces,2021-07-07 17:27:44.265271,P2,2019
422,A5 P2 BPI 2019,Represent histograms,Represent histograms of cycle time,2021-07-07 17:27:44.291965,P2,2019
423,A5 P2 BPI 2019,Discover happy path of the process, ,2021-07-07 17:27:44.304284,P2,2019
424,A5 P2 BPI 2019,Calculate cycle time,Calculate cycle time of a fragment of the process for a subset of traces,2021-07-07 17:27:44.323072,P2,2019
425,A5 P2 BPI 2019,Calculate percentages,Calculate percentage of traces,2021-07-07 17:27:44.344383,P2,2019
426,A5 P2 BPI 2019,Identify bottlenecks,Identify sub-processes as bottlenecks applying temporal performance criteria,2021-07-07 17:27:44.365016,P2,2019
427,A5 P2 BPI 2019,Represent bar charts,Represent bar charts of attributes,2021-07-07 17:27:44.385564,P2,2019
428,A5 P2 BPI 2019,Identify resources,Identify resource associated with bottlenecks,2021-07-07 17:27:44.398747,P2,2019
429,A5 P2 BPI 2019,Represent bar charts,Represent bar charts of attributes,2021-07-07 17:27:44.418160,P2,2019
430,A5 P2 BPI 2019,Identify values of attributes, ,2021-07-07 17:27:44.438731,P2,2019
431,A5 P2 BPI 2019,Calculate cycle time,Calculate cycle time of the whole process for each subset of traces,2021-07-07 17:27:44.449960,P2,2019
432,A5 P2 BPI 2019,Represent bar charts,Represent bar charts of cycle time,2021-07-07 17:27:44.477713,P2,2019
433,A5 P2 BPI 2019,Identify resources,Identify resources by cycle time,2021-07-07 17:27:44.494147,P2,2019
434,A5 P2 BPI 2019,Represent bar charts,Represent bar charts of attributes,2021-07-07 17:27:44.513626,P2,2019
435,A5 P2 BPI 2019,Identify resources,Identify resources by activities,2021-07-07 17:27:44.525969,P2,2019
436,A5 P2 BPI 2019,Represent bar charts,Represent bar charts of attributes,2021-07-07 17:27:44.544788,P2,2019
437,A5 P2 BPI 2019,Identify values of attributes, ,2021-07-07 17:27:44.569008,P2,2019
438,A10 P2 BPI 2019,Preprocess the traces of the logs, ,2021-07-07 17:27:44.584961,P2,2019
439,A10 P2 BPI 2019,Calculate cycle time,Calculate cycle time for all pairs of events for a subset of traces,2021-07-07 17:27:44.601000,P2,2019
440,A10 P2 BPI 2019,Calculate cycle time,Calculate cycle time of only a subset of pairs of events for a subset of traces,2021-07-07 17:27:44.618964,P2,2019
441,A10 P2 BPI 2019,Calculate percentages,Calculate percentage of traces,2021-07-07 17:27:44.639652,P2,2019
442,A10 P2 BPI 2019,Identify values of attributes, ,2021-07-07 17:27:44.663821,P2,2019
443,A11 P2 BPI 2019,Filter traces,Filter traces by activities,2021-07-07 17:27:44.680262,P2,2019
444,A11 P2 BPI 2019,Filter traces,Filter traces by attributes,2021-07-07 17:27:44.694735,P2,2019
445,A11 P2 BPI 2019,Calculate number of elements,Calculate number of events,2021-07-07 17:27:44.713809,P2,2019
446,A11 P2 BPI 2019,Calculate percentages,Calculate percentage of events,2021-07-07 17:27:44.731037,P2,2019
447,A11 P2 BPI 2019,Represent circular charts of attributes of the traces, ,2021-07-07 17:27:44.755858,P2,2019
448,A11 P2 BPI 2019,Calculate dates of the development of activities of resources, ,2021-07-07 17:27:44.764349,P2,2019
449,A11 P2 BPI 2019,Calculate number of elements,Calculate number of events,2021-07-07 17:27:44.785599,P2,2019
450,A11 P2 BPI 2019,Calculate cycle time,Calculate cycle time of the whole process for each subset of traces,2021-07-07 17:27:44.796549,P2,2019
451,A11 P2 BPI 2019,Calculate average of activities per trace, ,2021-07-07 17:27:44.823979,P2,2019
452,A11 P2 BPI 2019,Calculate percentages,Calculate percentage of events,2021-07-07 17:27:44.837515,P2,2019
453,A11 P2 BPI 2019,Identify values of attributes, ,2021-07-07 17:27:44.864987,P2,2019
454,A11 P2 BPI 2019,Represent bar charts,Represent bar charts of attributes,2021-07-07 17:27:44.883781,P2,2019
455,A11 P2 BPI 2019,Represent process map,Represent process map with frequency,2021-07-07 17:27:44.903825,P2,2019
456,A11 P2 BPI 2019,Represent process map,Represent process map with cycle time,2021-07-07 17:27:44.919064,P2,2019
457,A11 P2 BPI 2019,Represent bar charts,Represent bar charts of cycle time,2021-07-07 17:27:44.937674,P2,2019
458,A11 P2 BPI 2019,Group traces,Group traces by activities,2021-07-07 17:27:44.948213,P2,2019
459,A11 P2 BPI 2019,Represent bar charts,Represent bar charts of cycle time,2021-07-07 17:27:44.973623,P2,2019
460,A13 P2 BPI 2019,Group traces,Group traces depending on attributes,2021-07-07 17:27:44.983738,P2,2019
461,A13 P2 BPI 2019,Group traces,Group traces depending on attributes,2021-07-07 17:27:45.003748,P2,2019
462,A13 P2 BPI 2019,Calculate number of elements,Calculate number of events,2021-07-07 17:27:45.024797,P2,2019
463,A13 P2 BPI 2019,Filter traces,Filter traces by activities,2021-07-07 17:27:45.044745,P2,2019
464,A13 P2 BPI 2019,Calculate cycle time,Calculate cycle time of only a subset of pairs of events for each subset of traces,2021-07-07 17:27:45.060582,P2,2019
465,A13 P2 BPI 2019,Calculate cycle time,Calculate cycle time of only a subset of pairs of events for each subset of traces,2021-07-07 17:27:45.078910,P2,2019
466,A13 P2 BPI 2019,Calculate cycle time,Calculate cycle time of the whole process for each subset of traces,2021-07-07 17:27:45.094278,P2,2019
467,A14 P2 BPI 2019,Group traces,Group traces depending on attributes,2021-07-07 17:27:45.114096,P2,2019
468,A14 P2 BPI 2019,Calculate number of elements,Calculate number of activities,2021-07-07 17:27:45.135729,P2,2019
469,A14 P2 BPI 2019,Identify activity with biggest backlog, ,2021-07-07 17:27:45.155035,P2,2019
470,A14 P2 BPI 2019,Calculate waiting time, ,2021-07-07 17:27:45.174900,P2,2019
471,A14 P2 BPI 2019,Calculate cycle time,Calculate cycle time of the whole process for a subset of traces,2021-07-07 17:27:45.185788,P2,2019
472,A14 P2 BPI 2019,Calculate cycle time,Calculate cycle time of only a subset of pairs of events for a subset of traces,2021-07-07 17:27:45.201721,P2,2019
473,A14 P2 BPI 2019,Calculate cycle time,Calculate cycle time of only a subset of pairs of events for a subset of traces,2021-07-07 17:27:45.225705,P2,2019
474,A14 P2 BPI 2019,Represent heatmaps, ,2021-07-07 17:27:45.254499,P2,2019
475,A14 P2 BPI 2019,Calculate dates of the development of activities of resources, ,2021-07-07 17:27:45.264031,P2,2019
476,A14 P2 BPI 2019,Filter traces,Filter traces by attributes,2021-07-07 17:27:45.285180,P2,2019
477,A14 P2 BPI 2019,Calculate number of elements,Calculate number of traces,2021-07-07 17:27:45.302562,P2,2019
478,A14 P2 BPI 2019,Calculate statistics,Calculate Statistics of attributes,2021-07-07 17:27:45.320851,P2,2019
479,A14 P2 BPI 2019,Represent bar charts,Represent bar charts of cycle time,2021-07-07 17:27:45.349505,P2,2019
480,A14 P2 BPI 2019,Represent temporal series of subprocesses, ,2021-07-07 17:27:45.367574,P2,2019
481,A14 P2 BPI 2019,Represent bar charts,Represent bar charts of waiting time,2021-07-07 17:27:45.389185,P2,2019
482,A14 P2 BPI 2019,Calculate statistics,Calculate Statistics of attributes,2021-07-07 17:27:45.405044,P2,2019
483,A14 P2 BPI 2019,Filter traces,Filter traces by attributes,2021-07-07 17:27:45.430197,P2,2019
484,A14 P2 BPI 2019,Group traces,Group traces depending on attributes,2021-07-07 17:27:45.443559,P2,2019
485,A14 P2 BPI 2019,Calculate number of elements,Calculate number of variants,2021-07-07 17:27:45.471623,P2,2019
486,A14 P2 BPI 2019,Calculate number of elements,Calculate number of traces,2021-07-07 17:27:45.492782,P2,2019
487,A14 P2 BPI 2019,Calculate number of elements,Calculate number of traces,2021-07-07 17:27:45.514967,P2,2019
488,A14 P2 BPI 2019,Filter traces,Filter traces by frequency,2021-07-07 17:27:45.537341,P2,2019
489,A14 P2 BPI 2019,Represent scatterplot, ,2021-07-07 17:27:45.561331,P2,2019
490,A15 P2 BPI 2019,Calculate number of elements,Calculate number of traces,2021-07-07 17:27:45.575900,P2,2019
491,A15 P2 BPI 2019,Calculate number of elements,Calculate number of events,2021-07-07 17:27:45.596542,P2,2019
492,A15 P2 BPI 2019,Calculate number of elements,Calculate number of activities,2021-07-07 17:27:45.615098,P2,2019
493,A15 P2 BPI 2019,Calculate number of elements,Calculate number of variants,2021-07-07 17:27:45.631217,P2,2019
494,A15 P2 BPI 2019,Calculate number of elements,Calcute number of values of an attribute,2021-07-07 17:27:45.647209,P2,2019
495,A15 P2 BPI 2019,Calculate statistics,Calculate Statistics of attributes,2021-07-07 17:27:45.667709,P2,2019
496,A15 P2 BPI 2019,Filter traces,Filter traces by activities,2021-07-07 17:27:45.694430,P2,2019
497,A15 P2 BPI 2019,Calculate percentages,Calculate percentage of traces,2021-07-07 17:27:45.713217,P2,2019
498,A15 P2 BPI 2019,Filter traces,Filter traces by activities,2021-07-07 17:27:45.737675,P2,2019
499,A15 P2 BPI 2019,Calculate percentages,Calculate percentage of traces,2021-07-07 17:27:45.757227,P2,2019
500,A15 P2 BPI 2019,Filter events,Filter events by activities,2021-07-07 17:27:45.779394,P2,2019
501,A15 P2 BPI 2019,Preprocess the events of the logs, ,2021-07-07 17:27:45.797068,P2,2019
502,A15 P2 BPI 2019,Group traces,Group traces according to the repetition of activities,2021-07-07 17:27:45.804609,P2,2019
503,A15 P2 BPI 2019,Calculate cycle time,Calculate cycle time of only a subset of pairs of events for each subset of traces,2021-07-07 17:27:45.819132,P2,2019
504,A15 P2 BPI 2019,Calculate number of elements,Calculate number of traces,2021-07-07 17:27:45.843749,P2,2019
505,A15 P2 BPI 2019,Calculate statistics,Calculate Statistics of attributes,2021-07-07 17:27:45.862166,P2,2019
506,A15 P2 BPI 2019,Represent process map,Represent process map with cycle time,2021-07-07 17:27:45.888353,P2,2019
